index,label,prob,pred
0,1,0.5,1
1,1,0.5,1
2,1,0.9,1
3,1,0.9,1
4,1,0.9,1
5,1,0.9,1
6,1,0.9,1
7,0,0.5,1
8,1,0.5,1
9,1,0.5,1
10,1,0.5,1
11,1,0.5,1
12,1,0.5,1
13,1,0.5,1
14,1,0.5,1
15,1,0.9,1
16,1,0.5,1
17,1,0.9,1
18,1,0.5,1
19,1,0.5,1
20,1,0.5,1
21,1,0.5,1
22,1,0.5,1
23,1,0.9,1
24,1,0.9,1
25,1,0.9,1
26,1,0.5,1
27,1,0.5,1
28,1,0.9,1
29,1,0.5,1
30,1,0.9,1
31,1,0.9,1
32,1,0.5,1
33,1,0.9,1
34,1,0.9,1
35,1,0.5,1
36,1,0.5,1
37,1,0.5,1
38,1,0.5,1
39,1,0.9,1
40,0,0.5,1
41,1,0.5,1
42,1,0.9,1
43,1,0.9,1
44,1,0.5,1
45,1,0.9,1
46,0,0.5,1
47,1,0.9,1
48,1,0.9,1
49,1,0.5,1
50,1,0.9,1
51,0,0.5,1
52,1,0.9,1
53,1,0.9,1
54,0,0.5,1
55,1,0.9,1
56,1,0.9,1
57,1,0.9,1
58,0,0.5,1
59,1,0.9,1
60,0,0.9,1
61,1,0.9,1
62,1,0.9,1
63,1,0.5,1
64,1,0.9,1
65,1,0.9,1
66,1,0.5,1
67,1,0.9,1
68,0,0.5,1
69,0,0.5,1
70,1,0.9,1
71,1,0.5,1
72,1,0.9,1
73,1,0.5,1
74,0,0.5,1
75,1,0.9,1
76,1,0.5,1
77,1,0.9,1
78,1,0.9,1
79,1,0.5,1
80,1,0.5,1
81,1,0.5,1
82,1,0.9,1
83,1,0.5,1
84,1,0.9,1
85,1,0.5,1
86,1,0.9,1
87,1,0.9,1
88,1,0.5,1
89,1,0.9,1
90,1,0.5,1
91,1,0.5,1
92,1,0.9,1
93,1,0.9,1
94,1,0.5,1
95,1,0.9,1
96,1,0.9,1
97,1,0.9,1
98,1,0.5,1
99,1,0.5,1
100,0,0.5,1
101,1,0.5,1
102,1,0.5,1
103,1,0.5,1
104,0,0.5,1
105,1,0.9,1
106,0,0.5,1
107,1,0.5,1
108,0,0.5,1
109,0,0.5,1
110,1,0.5,1
111,1,0.9,1
112,1,0.9,1
113,1,0.5,1
114,1,0.5,1
115,0,0.5,1
116,0,0.5,1
117,1,0.9,1
118,0,0.5,1
119,1,0.5,1
120,1,0.9,1
121,0,0.5,1
122,0,0.5,1
123,0,0.5,1
124,1,0.9,1
125,1,0.5,1
126,0,0.5,1
127,1,0.9,1
128,0,0.9,1
129,1,0.5,1
130,0,0.5,1
131,1,0.5,1
132,1,0.9,1
133,0,0.9,1
134,0,0.9,1
135,0,0.5,1
136,1,0.5,1
137,0,0.9,1
138,0,0.9,1
139,0,0.5,1
140,1,0.5,1
141,0,0.5,1
142,0,0.5,1
143,0,0.9,1
144,0,0.5,1
145,1,0.5,1
146,0,0.5,1
147,0,0.5,1
148,0,0.9,1
149,1,0.5,1
150,0,0.5,1
151,0,0.5,1
152,0,0.5,1
153,1,0.5,1
154,0,0.9,1
155,0,0.9,1
156,0,0.9,1
157,1,0.9,1
158,0,0.9,1
159,0,0.5,1
160,1,0.9,1
161,0,0.5,1
162,0,0.5,1
163,0,0.5,1
164,1,0.9,1
165,1,0.5,1
166,0,0.5,1
167,0,0.5,1
168,0,0.5,1
169,0,0.5,1
170,0,0.5,1
171,1,0.5,1
172,0,0.5,1
173,0,0.5,1
174,0,0.5,1
175,0,0.5,1
176,1,0.5,1
177,0,0.5,1
178,0,0.5,1
179,0,0.5,1
180,0,0.9,1
181,0,0.5,1
182,0,0.5,1
183,0,0.5,1
184,1,0.9,1
185,0,0.9,1
186,0,0.5,1
187,0,0.5,1
188,0,0.5,1
189,0,0.5,1
190,0,0.5,1
191,0,0.5,1
192,1,0.5,1
193,0,0.5,1
194,0,0.5,1
195,0,0.5,1
196,0,0.5,1
197,0,0.5,1
198,0,0.5,1
199,1,0.9,1
200,0,0.9,1
201,0,0.5,1
202,1,0.9,1
203,0,0.9,1
204,1,0.9,1
205,1,0.5,1
206,1,0.9,1
207,0,0.5,1
208,1,0.9,1
209,0,0.5,1
210,0,0.5,1
211,0,0.9,1
212,0,0.9,1
213,0,0.5,1
214,0,0.5,1
215,0,0.5,1
216,1,0.5,1
217,0,0.5,1
218,0,0.5,1
219,0,0.5,1
220,0,0.5,1
221,0,0.9,1
222,0,0.5,1
223,1,0.5,1
224,1,0.5,1
225,0,0.5,1
226,1,0.5,1
227,0,0.5,1
228,0,0.5,1
229,1,0.9,1
230,0,0.9,1
231,0,0.5,1
232,0,0.5,1
233,1,0.5,1
234,1,0.9,1
235,0,0.5,1
236,1,0.9,1
237,0,0.5,1
238,0,0.5,1
239,0,0.5,1
240,1,0.9,1
241,0,0.5,1
242,0,0.9,1
243,1,0.5,1
244,0,0.5,1
245,1,0.9,1
246,0,0.9,1
247,1,0.5,1
248,0,0.9,1
249,0,0.5,1
250,0,0.5,1
251,1,0.5,1
252,0,0.5,1
253,0,0.5,1
254,0,0.5,1
255,1,0.5,1
256,0,0.5,1
257,1,0.9,1
258,1,0.5,1
259,1,0.9,1
260,0,0.5,1
261,0,0.5,1
262,1,0.5,1
263,0,0.5,1
264,1,0.9,1
265,1,0.5,1
266,0,0.5,1
267,0,0.5,1
268,0,0.5,1
269,0,0.5,1
270,0,0.9,1
271,0,0.5,1
272,1,0.5,1
273,1,0.9,1
274,0,0.5,1
275,0,0.5,1
276,1,0.9,1
277,1,0.9,1
278,1,0.9,1
279,0,0.9,1
280,0,0.9,1
281,0,0.9,1
282,1,0.5,1
283,1,0.9,1
284,1,0.9,1
285,0,0.9,1
286,0,0.9,1
287,0,0.5,1
288,0,0.5,1
289,0,0.5,1
290,0,0.5,1
291,0,0.5,1
292,1,0.9,1
293,1,0.5,1
294,0,0.5,1
295,0,0.5,1
296,0,0.9,1
297,0,0.5,1
298,0,0.5,1
299,0,0.9,1
300,1,0.9,1
301,0,0.9,1
302,1,0.9,1
303,0,0.5,1
304,0,0.5,1
305,0,0.5,1
306,0,0.5,1
307,0,0.5,1
308,1,0.9,1
309,0,0.5,1
310,0,0.5,1
311,1,0.9,1
312,0,0.5,1
313,1,0.5,1
314,0,0.5,1
315,1,0.5,1
316,1,0.9,1
317,0,0.5,1
318,0,0.9,1
319,1,0.9,1
320,1,0.9,1
321,0,0.5,1
322,1,0.9,1
323,1,0.5,1
324,1,0.5,1
325,1,0.5,1
326,0,0.5,1
327,0,0.9,1
328,1,0.5,1
329,0,0.5,1
330,0,0.9,1
331,0,0.5,1
332,1,0.9,1
333,1,0.5,1
334,0,0.5,1
335,0,0.5,1
336,1,0.9,1
337,0,0.9,1
338,1,0.9,1
339,0,0.5,1
340,0,0.5,1
341,1,0.9,1
342,0,0.5,1
343,0,0.5,1
344,0,0.5,1
345,0,0.5,1
346,1,0.5,1
347,1,0.9,1
348,0,0.5,1
349,0,0.5,1
350,1,0.5,1
351,1,0.9,1
352,0,0.9,1
353,0,0.5,1
354,0,0.5,1
355,0,0.5,1
356,1,0.5,1
357,0,0.5,1
358,1,0.9,1
359,0,0.5,1
360,0,0.5,1
361,1,0.9,1
362,1,0.9,1
363,0,0.5,1
364,1,0.9,1
365,0,0.5,1
366,0,0.5,1
367,1,0.5,1
368,0,0.9,1
369,0,0.5,1
370,0,0.5,1
371,1,0.5,1
372,1,0.5,1
373,0,0.5,1
374,0,0.5,1
375,0,0.5,1
376,1,0.9,1
377,1,0.9,1
378,1,0.5,1
379,0,0.5,1
380,1,0.5,1
381,0,0.5,1
382,0,0.9,1
383,1,0.9,1
384,0,0.9,1
385,0,0.5,1
386,0,0.9,1
387,1,0.5,1
388,1,0.5,1
389,0,0.5,1
390,1,0.9,1
391,1,0.5,1
392,0,0.5,1
393,1,0.9,1
394,1,0.9,1
395,1,0.9,1
396,1,0.5,1
397,1,0.9,1
398,1,0.9,1
399,1,0.9,1
400,0,0.5,1
401,0,0.9,1
402,0,0.5,1
403,0,0.5,1
404,1,0.5,1
405,0,0.5,1
406,1,0.5,1
407,1,0.9,1
408,0,0.5,1
409,0,0.5,1
410,0,0.5,1
411,1,0.9,1
412,0,0.9,1
413,1,0.5,1
414,1,0.9,1
415,1,0.5,1
416,0,0.5,1
417,0,0.9,1
418,1,0.9,1
419,0,0.5,1
420,1,0.5,1
421,0,0.9,1
422,1,0.9,1
423,1,0.9,1
424,1,0.5,1
425,1,0.9,1
426,0,0.5,1
427,1,0.5,1
428,1,0.9,1
429,1,0.5,1
430,0,0.5,1
431,0,0.5,1
432,0,0.9,1
433,1,0.9,1
434,1,0.5,1
435,0,0.5,1
436,0,0.5,1
437,0,0.5,1
438,0,0.5,1
439,0,0.5,1
440,1,0.9,1
441,1,0.5,1
442,1,0.9,1
443,1,0.9,1
444,0,0.5,1
445,1,0.9,1
446,0,0.5,1
447,0,0.5,1
448,1,0.5,1
449,1,0.9,1
450,0,0.9,1
451,1,0.5,1
452,0,0.5,1
453,0,0.9,1
454,1,0.9,1
455,0,0.5,1
456,1,0.5,1
457,0,0.9,1
458,0,0.5,1
459,0,0.5,1
460,1,0.5,1
461,1,0.5,1
462,1,0.5,1
463,1,0.5,1
464,0,0.5,1
465,1,0.9,1
466,0,0.9,1
467,0,0.9,1
468,1,0.9,1
469,0,0.5,1
470,0,0.5,1
471,1,0.9,1
472,1,0.9,1
473,0,0.5,1
474,0,0.5,1
475,1,0.9,1
476,1,0.5,1
477,1,0.9,1
478,1,0.5,1
479,1,0.9,1
480,0,0.9,1
481,1,0.5,1
482,1,0.5,1
483,1,0.9,1
484,1,0.9,1
485,1,0.5,1
486,0,0.5,1
487,0,0.5,1
488,1,0.9,1
489,1,0.9,1
490,0,0.5,1
491,0,0.5,1
492,0,0.5,1
493,0,0.5,1
494,1,0.5,1
495,1,0.9,1
496,1,0.9,1
497,1,0.9,1
498,1,0.9,1
499,0,0.5,1
500,1,0.5,1
501,0,0.5,1
502,0,0.5,1
503,1,0.9,1
504,0,0.5,1
505,1,0.9,1
506,1,0.9,1
507,1,0.5,1
508,0,0.9,1
509,1,0.9,1
510,1,0.9,1
511,1,0.5,1
512,0,0.5,1
513,1,0.5,1
514,1,0.9,1
515,1,0.9,1
516,1,0.5,1
517,0,0.9,1
518,0,0.9,1
519,0,0.5,1
520,1,0.9,1
521,0,0.5,1
522,0,0.5,1
523,0,0.9,1
524,1,0.5,1
525,0,0.9,1
526,1,0.5,1
527,0,0.5,1
528,1,0.9,1
529,0,0.9,1
530,0,0.5,1
531,0,0.5,1
532,1,0.5,1
533,1,0.9,1
534,1,0.9,1
535,1,0.9,1
536,0,0.9,1
537,0,0.5,1
538,0,0.5,1
539,0,0.5,1
540,1,0.9,1
541,0,0.5,1
542,0,0.5,1
543,0,0.9,1
544,0,0.5,1
545,0,0.5,1
546,1,0.9,1
547,1,0.5,1
548,1,0.9,1
549,0,0.9,1
550,1,0.9,1
551,0,0.5,1
552,1,0.5,1
553,0,0.9,1
554,1,0.9,1
555,0,0.5,1
556,0,0.5,1
557,1,0.5,1
558,0,0.9,1
559,0,0.9,1
560,1,0.9,1
561,0,0.5,1
562,0,0.9,1
563,1,0.5,1
564,1,0.9,1
565,0,0.5,1
566,1,0.5,1
567,0,0.5,1
568,1,0.5,1
569,0,0.5,1
570,0,0.5,1
571,1,0.5,1
572,0,0.9,1
573,0,0.5,1
574,1,0.9,1
575,0,0.5,1
576,0,0.5,1
577,0,0.9,1
578,1,0.5,1
579,0,0.5,1
580,1,0.9,1
581,0,0.9,1
582,1,0.5,1
583,0,0.5,1
584,0,0.9,1
585,1,0.5,1
586,0,0.5,1
587,0,0.5,1
588,0,0.5,1
589,0,0.5,1
590,0,0.5,1
591,1,0.5,1
592,1,0.9,1
593,1,0.9,1
594,1,0.9,1
595,0,0.5,1
596,1,0.5,1
597,1,0.5,1
598,0,0.5,1
599,1,0.9,1
600,0,0.5,1
601,0,0.5,1
602,0,0.5,1
603,0,0.5,1
604,1,0.5,1
605,1,0.5,1
606,0,0.9,1
607,1,0.5,1
608,1,0.9,1
609,0,0.5,1
610,1,0.9,1
611,0,0.9,1
612,0,0.5,1
613,0,0.5,1
614,1,0.9,1
615,0,0.5,1
616,0,0.5,1
617,1,0.9,1
618,0,0.5,1
619,0,0.9,1
620,0,0.5,1
621,1,0.9,1
622,0,0.5,1
623,1,0.9,1
624,1,0.5,1
625,1,0.5,1
626,0,0.5,1
627,0,0.5,1
628,0,0.5,1
629,1,0.5,1
630,0,0.9,1
631,1,0.9,1
632,0,0.5,1
633,1,0.9,1
634,0,0.5,1
635,0,0.5,1
636,1,0.5,1
637,0,0.5,1
638,0,0.5,1
639,0,0.9,1
640,0,0.5,1
641,0,0.5,1
642,1,0.9,1
643,0,0.5,1
644,1,0.5,1
645,1,0.9,1
646,1,0.5,1
647,1,0.5,1
648,0,0.5,1
649,1,0.9,1
650,0,0.9,1
651,1,0.9,1
652,0,0.5,1
653,0,0.9,1
654,0,0.5,1
655,0,0.5,1
656,0,0.9,1
657,1,0.9,1
658,0,0.5,1
659,0,0.5,1
660,1,0.9,1
661,0,0.5,1
662,1,0.9,1
663,0,0.5,1
664,0,0.5,1
665,0,0.9,1
666,0,0.9,1
667,1,0.9,1
668,0,0.9,1
669,1,0.5,1
670,1,0.9,1
671,1,0.9,1
672,1,0.9,1
673,0,0.5,1
674,1,0.9,1
675,0,0.9,1
676,1,0.9,1
677,0,0.5,1
678,1,0.9,1
679,0,0.5,1
680,1,0.5,1
681,1,0.9,1
682,0,0.5,1
683,0,0.9,1
684,0,0.5,1
685,1,0.9,1
686,1,0.9,1
687,1,0.9,1
688,0,0.5,1
689,1,0.9,1
690,1,0.5,1
691,1,0.5,1
692,0,0.9,1
693,1,0.9,1
694,0,0.9,1
695,0,0.5,1
696,1,0.9,1
697,0,0.5,1
698,0,0.5,1
699,0,0.5,1
700,1,0.5,1
701,1,0.9,1
702,1,0.5,1
703,0,0.5,1
704,0,0.5,1
705,0,0.5,1
706,0,0.5,1
707,0,0.5,1
708,1,0.9,1
709,1,0.5,1
710,1,0.5,1
711,0,0.5,1
712,1,0.9,1
713,1,0.9,1
714,1,0.5,1
715,1,0.5,1
716,1,0.5,1
717,1,0.9,1
718,1,0.5,1
719,1,0.9,1
720,0,0.5,1
721,0,0.5,1
722,0,0.5,1
723,0,0.5,1
724,0,0.9,1
725,1,0.5,1
726,0,0.5,1
727,0,0.9,1
728,1,0.9,1
729,1,0.5,1
730,1,0.9,1
731,0,0.5,1
732,1,0.5,1
733,0,0.5,1
734,0,0.5,1
735,1,0.5,1
736,0,0.9,1
737,1,0.9,1
738,1,0.9,1
739,0,0.9,1
740,0,0.5,1
741,1,0.5,1
742,0,0.5,1
743,1,0.5,1
744,0,0.5,1
745,1,0.9,1
746,0,0.5,1
747,1,0.5,1
748,1,0.5,1
749,0,0.5,1
750,0,0.5,1
751,0,0.5,1
752,0,0.5,1
753,1,0.9,1
754,1,0.5,1
755,0,0.5,1
756,1,0.9,1
757,1,0.5,1
758,0,0.5,1
759,0,0.5,1
760,0,0.5,1
761,1,0.9,1
762,0,0.5,1
763,0,0.5,1
764,0,0.5,1
765,0,0.5,1
766,1,0.9,1
767,1,0.9,1
768,1,0.9,1
769,0,0.9,1
770,1,0.9,1
771,1,0.5,1
772,1,0.9,1
773,0,0.5,1
774,0,0.5,1
775,0,0.5,1
776,0,0.5,1
777,0,0.5,1
778,0,0.5,1
779,0,0.5,1
780,0,0.5,1
781,1,0.9,1
782,0,0.5,1
783,0,0.5,1
784,1,0.9,1
785,0,0.5,1
786,1,0.5,1
787,1,0.5,1
788,0,0.9,1
789,1,0.5,1
790,0,0.9,1
791,1,0.9,1
792,1,0.5,1
793,0,0.9,1
794,0,0.9,1
795,1,0.9,1
796,0,0.9,1
797,1,0.9,1
798,1,0.9,1
799,1,0.5,1
800,0,0.9,1
801,0,0.5,1
802,0,0.5,1
803,1,0.9,1
804,1,0.9,1
805,1,0.5,1
806,1,0.5,1
807,0,0.5,1
808,1,0.9,1
809,0,0.5,1
810,1,0.5,1
811,1,0.9,1
812,1,0.9,1
813,1,0.5,1
814,0,0.5,1
815,1,0.9,1
816,1,0.9,1
817,0,0.5,1
818,0,0.9,1
819,1,0.9,1
820,0,0.5,1
821,0,0.9,1
822,1,0.9,1
823,0,0.5,1
824,0,0.5,1
825,0,0.5,1
826,0,0.5,1
827,1,0.5,1
828,1,0.5,1
829,1,0.5,1
830,0,0.5,1
831,0,0.5,1
832,1,0.9,1
833,1,0.9,1
834,0,0.5,1
835,1,0.5,1
836,0,0.9,1
837,0,0.9,1
838,0,0.5,1
839,1,0.5,1
840,0,0.5,1
841,0,0.5,1
842,1,0.9,1
843,1,0.5,1
844,1,0.5,1
845,0,0.5,1
846,1,0.9,1
847,1,0.9,1
848,1,0.5,1
849,0,0.5,1
850,0,0.5,1
851,0,0.9,1
852,0,0.5,1
853,0,0.5,1
854,1,0.5,1
855,1,0.9,1
856,0,0.5,1
857,1,0.9,1
858,1,0.9,1
859,1,0.9,1
860,1,0.9,1
861,1,0.9,1
862,1,0.9,1
863,1,0.5,1
864,1,0.5,1
865,0,0.5,1
866,0,0.5,1
867,0,0.5,1
868,0,0.5,1
869,0,0.5,1
870,0,0.9,1
871,1,0.9,1
872,0,0.9,1
873,0,0.5,1
874,1,0.5,1
875,1,0.9,1
876,0,0.9,1
877,1,0.9,1
878,1,0.9,1
879,0,0.5,1
880,1,0.5,1
881,0,0.9,1
882,1,0.9,1
883,1,0.5,1
884,0,0.9,1
885,0,0.5,1
886,0,0.5,1
887,0,0.5,1
888,0,0.5,1
889,0,0.5,1
890,0,0.5,1
891,1,0.9,1
892,1,0.9,1
893,0,0.5,1
894,0,0.5,1
895,0,0.5,1
896,1,0.5,1
897,0,0.5,1
898,1,0.5,1
899,1,0.5,1
900,1,0.5,1
901,0,0.5,1
902,0,0.5,1
903,1,0.9,1
904,1,0.9,1
905,0,0.5,1
906,0,0.5,1
907,1,0.5,1
908,1,0.5,1
909,0,0.5,1
910,0,0.9,1
911,0,0.5,1
912,0,0.5,1
913,0,0.9,1
914,1,0.5,1
915,0,0.5,1
916,1,0.9,1
917,0,0.5,1
918,0,0.9,1
919,1,0.9,1
920,1,0.5,1
921,1,0.5,1
922,1,0.5,1
923,0,0.5,1
924,1,0.9,1
925,1,0.9,1
926,1,0.9,1
927,1,0.9,1
928,0,0.5,1
929,0,0.5,1
930,0,0.5,1
931,0,0.9,1
932,0,0.5,1
933,1,0.9,1
934,1,0.5,1
935,1,0.9,1
936,0,0.5,1
937,1,0.5,1
938,1,0.9,1
939,0,0.5,1
940,1,0.9,1
941,0,0.5,1
942,0,0.9,1
943,1,0.9,1
944,1,0.9,1
945,1,0.9,1
946,0,0.5,1
947,1,0.5,1
948,1,0.5,1
949,0,0.9,1
950,0,0.9,1
951,0,0.9,1
952,0,0.9,1
953,0,0.5,1
954,1,0.9,1
955,0,0.9,1
956,0,0.5,1
957,1,0.9,1
958,0,0.5,1
959,1,0.5,1
960,0,0.5,1
961,1,0.9,1
962,1,0.5,1
963,0,0.9,1
964,0,0.9,1
965,0,0.9,1
966,0,0.5,1
967,0,0.5,1
968,1,0.9,1
969,1,0.9,1
970,0,0.5,1
971,0,0.9,1
972,0,0.9,1
973,0,0.5,1
974,0,0.5,1
975,1,0.5,1
976,0,0.5,1
977,0,0.5,1
978,1,0.9,1
979,0,0.5,1
980,1,0.9,1
981,1,0.9,1
982,0,0.5,1
983,1,0.9,1
984,0,0.5,1
985,1,0.5,1
986,0,0.5,1
987,0,0.5,1
988,1,0.5,1
989,1,0.9,1
990,1,0.5,1
991,1,0.5,1
992,1,0.9,1
993,1,0.9,1
994,0,0.9,1
995,0,0.5,1
996,0,0.5,1
997,0,0.5,1
998,0,0.5,1
999,0,0.5,1
1000,1,0.5,1
1001,1,0.9,1
1002,1,0.5,1
1003,1,0.9,1
1004,1,0.9,1
1005,1,0.5,1
1006,1,0.9,1
1007,1,0.9,1
1008,1,0.5,1
1009,1,0.9,1
1010,1,0.5,1
1011,1,0.5,1
1012,1,0.9,1
1013,1,0.9,1
1014,1,0.9,1
1015,1,0.5,1
1016,1,0.5,1
1017,1,0.9,1
1018,1,0.5,1
1019,1,0.9,1
1020,1,0.9,1
1021,1,0.9,1
1022,1,0.5,1
1023,1,0.9,1
1024,1,0.5,1
1025,1,0.5,1
1026,1,0.5,1
1027,1,0.9,1
1028,1,0.5,1
1029,1,0.5,1
1030,1,0.9,1
1031,1,0.9,1
1032,1,0.9,1
1033,1,0.5,1
1034,1,0.9,1
1035,1,0.5,1
1036,1,0.9,1
1037,1,0.9,1
1038,1,0.9,1
1039,1,0.9,1
1040,1,0.5,1
1041,1,0.5,1
1042,1,0.9,1
1043,1,0.5,1
1044,1,0.9,1
1045,1,0.9,1
1046,1,0.5,1
1047,1,0.5,1
1048,1,0.9,1
1049,1,0.9,1
1050,1,0.5,1
1051,1,0.9,1
1052,1,0.9,1
1053,1,0.5,1
1054,1,0.9,1
1055,1,0.5,1
1056,1,0.9,1
1057,1,0.9,1
1058,1,0.9,1
1059,1,0.9,1
1060,1,0.9,1
1061,1,0.5,1
1062,1,0.9,1
1063,1,0.9,1
1064,1,0.5,1
1065,1,0.5,1
1066,1,0.5,1
1067,1,0.5,1
1068,1,0.5,1
1069,1,0.5,1
1070,1,0.9,1
1071,1,0.9,1
1072,1,0.9,1
1073,1,0.9,1
1074,1,0.5,1
1075,1,0.9,1
1076,1,0.5,1
1077,1,0.9,1
1078,1,0.9,1
1079,1,0.5,1
1080,1,0.5,1
1081,1,0.9,1
1082,1,0.5,1
1083,1,0.9,1
1084,1,0.9,1
1085,1,0.9,1
1086,1,0.9,1
1087,1,0.9,1
1088,1,0.9,1
1089,1,0.5,1
1090,1,0.9,1
1091,1,0.9,1
1092,1,0.9,1
1093,1,0.9,1
1094,1,0.5,1
1095,1,0.9,1
1096,1,0.9,1
1097,1,0.5,1
1098,1,0.9,1
1099,1,0.9,1
1100,1,0.5,1
1101,1,0.9,1
1102,1,0.9,1
1103,1,0.9,1
1104,1,0.5,1
1105,1,0.5,1
1106,1,0.9,1
1107,1,0.9,1
1108,1,0.5,1
1109,1,0.9,1
1110,1,0.9,1
1111,1,0.9,1
1112,1,0.9,1
1113,1,0.9,1
1114,1,0.5,1
1115,1,0.9,1
1116,1,0.9,1
1117,1,0.9,1
1118,1,0.5,1
1119,1,0.9,1
1120,1,0.9,1
1121,1,0.9,1
1122,1,0.9,1
1123,1,0.9,1
1124,1,0.9,1
1125,1,0.5,1
1126,1,0.5,1
1127,1,0.9,1
1128,1,0.5,1
1129,1,0.5,1
1130,1,0.5,1
1131,1,0.9,1
1132,1,0.9,1
1133,1,0.9,1
1134,1,0.5,1
1135,1,0.5,1
1136,1,0.9,1
1137,1,0.5,1
1138,1,0.9,1
1139,1,0.9,1
1140,1,0.9,1
1141,1,0.5,1
1142,1,0.5,1
1143,1,0.5,1
1144,1,0.9,1
1145,1,0.5,1
1146,1,0.5,1
1147,1,0.9,1
1148,1,0.5,1
1149,1,0.9,1
1150,1,0.5,1
1151,1,0.5,1
1152,1,0.5,1
1153,1,0.5,1
1154,1,0.5,1
1155,1,0.5,1
1156,1,0.9,1
1157,1,0.5,1
1158,1,0.5,1
1159,1,0.5,1
1160,1,0.9,1
1161,1,0.5,1
1162,1,0.5,1
1163,1,0.9,1
1164,1,0.5,1
1165,1,0.5,1
1166,1,0.5,1
1167,1,0.9,1
1168,1,0.5,1
1169,1,0.9,1
1170,1,0.9,1
1171,1,0.5,1
1172,1,0.9,1
1173,1,0.9,1
1174,1,0.9,1
1175,1,0.9,1
1176,1,0.9,1
1177,1,0.5,1
1178,1,0.5,1
1179,1,0.5,1
1180,1,0.5,1
1181,1,0.9,1
1182,1,0.9,1
1183,1,0.9,1
1184,1,0.5,1
1185,1,0.9,1
1186,1,0.9,1
1187,1,0.5,1
1188,1,0.5,1
1189,1,0.5,1
1190,1,0.5,1
1191,1,0.9,1
1192,1,0.5,1
1193,1,0.5,1
1194,1,0.5,1
1195,1,0.5,1
1196,1,0.5,1
1197,1,0.5,1
1198,1,0.5,1
1199,1,0.9,1
1200,1,0.5,1
1201,1,0.9,1
1202,1,0.9,1
1203,1,0.5,1
1204,1,0.5,1
1205,1,0.5,1
1206,1,0.9,1
1207,1,0.9,1
1208,1,0.5,1
1209,1,0.9,1
1210,1,0.5,1
1211,1,0.9,1
1212,1,0.9,1
1213,1,0.5,1
1214,1,0.9,1
1215,1,0.5,1
1216,1,0.5,1
1217,1,0.9,1
1218,1,0.9,1
1219,1,0.5,1
1220,1,0.9,1
1221,1,0.5,1
1222,1,0.9,1
1223,1,0.9,1
1224,1,0.9,1
1225,1,0.5,1
1226,1,0.9,1
1227,1,0.5,1
1228,1,0.5,1
1229,1,0.9,1
1230,1,0.9,1
1231,1,0.5,1
1232,1,0.9,1
1233,1,0.5,1
1234,1,0.9,1
1235,1,0.9,1
1236,1,0.9,1
1237,1,0.9,1
1238,1,0.5,1
1239,1,0.9,1
1240,1,0.9,1
1241,1,0.5,1
1242,1,0.5,1
1243,1,0.5,1
1244,1,0.5,1
1245,1,0.9,1
1246,1,0.5,1
1247,1,0.9,1
1248,1,0.5,1
1249,1,0.9,1
1250,1,0.5,1
1251,1,0.5,1
1252,1,0.5,1
1253,1,0.9,1
1254,1,0.5,1
1255,1,0.5,1
1256,1,0.5,1
1257,1,0.5,1
1258,1,0.5,1
1259,1,0.5,1
1260,1,0.9,1
1261,1,0.9,1
1262,1,0.9,1
1263,1,0.9,1
1264,1,0.9,1
1265,1,0.5,1
1266,1,0.5,1
1267,1,0.5,1
1268,1,0.9,1
1269,1,0.5,1
1270,1,0.5,1
1271,1,0.5,1
1272,1,0.5,1
1273,1,0.5,1
1274,1,0.5,1
1275,1,0.9,1
1276,1,0.5,1
1277,1,0.5,1
1278,1,0.5,1
1279,1,0.9,1
1280,1,0.5,1
1281,1,0.5,1
1282,1,0.9,1
1283,1,0.9,1
1284,1,0.5,1
1285,1,0.5,1
1286,1,0.9,1
1287,1,0.5,1
1288,1,0.9,1
1289,1,0.5,1
1290,1,0.9,1
1291,1,0.5,1
1292,1,0.5,1
1293,1,0.9,1
1294,1,0.5,1
1295,1,0.5,1
1296,1,0.9,1
1297,1,0.5,1
1298,1,0.9,1
1299,1,0.9,1
1300,1,0.5,1
1301,1,0.5,1
1302,1,0.5,1
1303,1,0.9,1
1304,1,0.9,1
1305,1,0.5,1
1306,1,0.9,1
1307,1,0.5,1
1308,1,0.5,1
1309,1,0.9,1
1310,1,0.9,1
1311,1,0.9,1
1312,1,0.9,1
1313,1,0.9,1
1314,1,0.9,1
1315,1,0.9,1
1316,1,0.5,1
1317,1,0.9,1
1318,1,0.5,1
1319,1,0.5,1
1320,1,0.5,1
1321,1,0.5,1
1322,1,0.9,1
1323,1,0.5,1
1324,1,0.5,1
1325,1,0.9,1
1326,1,0.9,1
1327,1,0.9,1
1328,1,0.5,1
1329,1,0.9,1
1330,1,0.5,1
1331,1,0.5,1
1332,1,0.9,1
1333,1,0.9,1
1334,1,0.9,1
1335,1,0.9,1
1336,1,0.5,1
1337,1,0.5,1
1338,1,0.5,1
1339,1,0.9,1
1340,1,0.5,1
1341,1,0.9,1
1342,1,0.5,1
1343,1,0.5,1
1344,1,0.5,1
1345,1,0.5,1
1346,1,0.5,1
1347,1,0.9,1
1348,1,0.9,1
1349,1,0.9,1
1350,1,0.5,1
1351,1,0.5,1
1352,1,0.5,1
1353,1,0.9,1
1354,1,0.9,1
1355,1,0.9,1
1356,1,0.5,1
1357,1,0.9,1
1358,1,0.5,1
1359,1,0.9,1
1360,1,0.5,1
1361,1,0.5,1
1362,1,0.5,1
1363,1,0.5,1
1364,1,0.9,1
1365,1,0.9,1
1366,1,0.9,1
1367,1,0.9,1
1368,1,0.9,1
1369,1,0.5,1
1370,1,0.5,1
1371,1,0.5,1
1372,1,0.5,1
1373,1,0.5,1
1374,1,0.5,1
1375,1,0.5,1
1376,1,0.9,1
1377,1,0.5,1
1378,1,0.9,1
1379,1,0.5,1
1380,1,0.5,1
1381,1,0.5,1
1382,1,0.5,1
1383,1,0.5,1
1384,1,0.9,1
1385,1,0.9,1
1386,1,0.9,1
1387,1,0.5,1
1388,1,0.5,1
1389,1,0.9,1
1390,1,0.5,1
1391,1,0.9,1
1392,1,0.9,1
1393,1,0.5,1
1394,1,0.9,1
1395,1,0.9,1
1396,1,0.5,1
1397,1,0.5,1
1398,1,0.5,1
1399,1,0.5,1
1400,1,0.9,1
1401,1,0.5,1
1402,1,0.9,1
1403,1,0.9,1
1404,1,0.5,1
1405,1,0.9,1
1406,1,0.9,1
1407,1,0.9,1
1408,1,0.5,1
1409,1,0.9,1
1410,1,0.9,1
1411,1,0.9,1
1412,1,0.9,1
1413,1,0.9,1
1414,1,0.9,1
1415,1,0.9,1
1416,1,0.9,1
1417,1,0.9,1
1418,1,0.9,1
1419,1,0.9,1
1420,1,0.9,1
1421,1,0.5,1
1422,1,0.9,1
1423,1,0.9,1
1424,1,0.5,1
1425,1,0.9,1
1426,1,0.5,1
1427,1,0.9,1
1428,1,0.5,1
1429,1,0.9,1
1430,1,0.9,1
1431,1,0.5,1
1432,1,0.5,1
1433,1,0.9,1
1434,1,0.9,1
1435,1,0.5,1
1436,1,0.9,1
1437,1,0.5,1
1438,1,0.9,1
1439,1,0.9,1
1440,1,0.5,1
1441,1,0.9,1
1442,1,0.5,1
1443,1,0.5,1
1444,1,0.9,1
1445,1,0.9,1
1446,1,0.5,1
1447,1,0.9,1
1448,1,0.9,1
1449,1,0.9,1
1450,1,0.5,1
1451,1,0.5,1
1452,1,0.5,1
1453,1,0.5,1
1454,1,0.9,1
1455,1,0.5,1
1456,1,0.5,1
1457,1,0.9,1
1458,1,0.9,1
1459,1,0.5,1
1460,1,0.5,1
1461,1,0.9,1
1462,1,0.5,1
1463,1,0.9,1
1464,1,0.9,1
1465,1,0.5,1
1466,1,0.5,1
1467,1,0.5,1
1468,1,0.5,1
1469,1,0.5,1
1470,1,0.5,1
1471,1,0.5,1
1472,1,0.5,1
1473,1,0.9,1
1474,1,0.9,1
1475,1,0.5,1
1476,1,0.5,1
1477,1,0.5,1
1478,1,0.5,1
1479,1,0.9,1
1480,1,0.5,1
1481,1,0.9,1
1482,1,0.9,1
1483,1,0.9,1
1484,1,0.9,1
1485,1,0.5,1
1486,1,0.5,1
1487,1,0.5,1
1488,1,0.5,1
1489,1,0.9,1
1490,1,0.5,1
1491,1,0.9,1
1492,1,0.9,1
1493,1,0.9,1
1494,1,0.5,1
1495,1,0.9,1
1496,1,0.5,1
1497,1,0.5,1
1498,1,0.5,1
1499,1,0.9,1
